id,timestamp,counter
mfqJyKm20Z4,1703404800001,199328740
mfqJyKm20Z4,1703497117519,199337356
mfqJyKm20Z4,1703497922953,199337426
mfqJyKm20Z4,1703498284536,199337484
mfqJyKm20Z4,1703499544687,199337594
mfqJyKm20Z4,1703502924897,199338014
mfqJyKm20Z4,1703506766865,199338459
mfqJyKm20Z4,1703510401175,199339001
mfqJyKm20Z4,1703513193039,199339168
mfqJyKm20Z4,1703520009693,199340500
mfqJyKm20Z4,1703524230372,199341077
mfqJyKm20Z4,1703525489753,199341218
mfqJyKm20Z4,1703529614986,199341595
mfqJyKm20Z4,1703532291493,199341671
mfqJyKm20Z4,1703536170807,199341859
mfqJyKm20Z4,1703538349731,199341917
mfqJyKm20Z4,1703550766507,199342228
mfqJyKm20Z4,1703557350960,199342610
mfqJyKm20Z4,1703562848177,199342992
mfqJyKm20Z4,1703563628996,199343113
mfqJyKm20Z4,1703567638932,199343394
mfqJyKm20Z4,1703569245271,199343719
mfqJyKm20Z4,1703569561005,199343740
mfqJyKm20Z4,1703569800570,199343753
mfqJyKm20Z4,1703570400504,199343846
mfqJyKm20Z4,1703571120928,199343896
mfqJyKm20Z4,1703571841195,199343919
mfqJyKm20Z4,1703572561229,199344027
mfqJyKm20Z4,1703573281128,199344094
mfqJyKm20Z4,1703574001291,199344209
mfqJyKm20Z4,1703574720580,199344267
mfqJyKm20Z4,1703575440550,199344304
mfqJyKm20Z4,1703576160599,199344428
mfqJyKm20Z4,1703576880940,199344468
mfqJyKm20Z4,1703577600374,199344569
mfqJyKm20Z4,1703578320604,199344651
mfqJyKm20Z4,1703579041185,199344675
mfqJyKm20Z4,1703579760468,199344793
mfqJyKm20Z4,1703580480956,199344881
mfqJyKm20Z4,1703581201203,199344944
mfqJyKm20Z4,1703581920484,199345067
mfqJyKm20Z4,1703582640517,199345154
mfqJyKm20Z4,1703583360694,199345263
mfqJyKm20Z4,1703584080833,199345352
mfqJyKm20Z4,1703584801146,199345503
mfqJyKm20Z4,1703585520883,199345633
mfqJyKm20Z4,1703586241495,199345648
mfqJyKm20Z4,1703586960643,199345753
mfqJyKm20Z4,1703587680707,199345876
mfqJyKm20Z4,1703588400685,199346032
mfqJyKm20Z4,1703589121112,199346147
mfqJyKm20Z4,1703589841290,199346188
mfqJyKm20Z4,1703590560405,199346351
mfqJyKm20Z4,1703591280503,199346421
mfqJyKm20Z4,1703592000507,199346578
mfqJyKm20Z4,1703592721086,199346665
mfqJyKm20Z4,1703593441284,199346681
mfqJyKm20Z4,1703594161370,199346701
mfqJyKm20Z4,1703594880435,199346772
mfqJyKm20Z4,1703595600763,199346875
mfqJyKm20Z4,1703596320702,199347039
mfqJyKm20Z4,1703597040700,199347210
mfqJyKm20Z4,1703597760972,199347394
mfqJyKm20Z4,1703598481225,199347559
mfqJyKm20Z4,1703599200560,199347666
mfqJyKm20Z4,1703599920881,199347870
mfqJyKm20Z4,1703600641034,199347978
mfqJyKm20Z4,1703601360951,199348009
mfqJyKm20Z4,1703602081621,199348107
mfqJyKm20Z4,1703602800689,199348353
mfqJyKm20Z4,1703603521031,199348548
mfqJyKm20Z4,1703604241327,199348676
mfqJyKm20Z4,1703604960587,199348721
mfqJyKm20Z4,1703605680761,199348833
mfqJyKm20Z4,1703606400723,199349022
mfqJyKm20Z4,1703607121368,199349033
mfqJyKm20Z4,1703607840540,199349042
mfqJyKm20Z4,1703608560209,199349128
mfqJyKm20Z4,1703609280749,199349241
mfqJyKm20Z4,1703610001379,199349345
mfqJyKm20Z4,1703610720615,199349410
mfqJyKm20Z4,1703612513854,199349698
mfqJyKm20Z4,1703613146062,199349828
mfqJyKm20Z4,1703613600741,199349698
mfqJyKm20Z4,1703614321129,199349698
mfqJyKm20Z4,1703615243054,199350135
mfqJyKm20Z4,1703615760830,199350135
mfqJyKm20Z4,1703616481521,199350135
mfqJyKm20Z4,1703617201214,199350137
mfqJyKm20Z4,1703617921430,199350180
mfqJyKm20Z4,1703618640988,199350265
mfqJyKm20Z4,1703648881303,199351595
mfqJyKm20Z4,1703652481671,199351982
mfqJyKm20Z4,1703653201105,199352031
mfqJyKm20Z4,1703653921539,199352122
mfqJyKm20Z4,1703654640956,199352254
mfqJyKm20Z4,1703655361336,199352437
mfqJyKm20Z4,1703656081601,199352465
mfqJyKm20Z4,1703656801613,199352548
mfqJyKm20Z4,1703657521684,199352640
mfqJyKm20Z4,1703658240645,199352675
mfqJyKm20Z4,1703658961427,199352798
mfqJyKm20Z4,1703659681349,199352863
mfqJyKm20Z4,1703660401061,199352970
mfqJyKm20Z4,1703661121417,199353040
mfqJyKm20Z4,1703661840756,199353074
mfqJyKm20Z4,1703662561055,199353211
mfqJyKm20Z4,1703663281073,199353262
mfqJyKm20Z4,1703664001497,199353397
mfqJyKm20Z4,1703664721115,199353476
mfqJyKm20Z4,1703665441430,199353500
mfqJyKm20Z4,1703666160763,199353639
mfqJyKm20Z4,1703666880760,199353726
mfqJyKm20Z4,1703667600901,199353778
mfqJyKm20Z4,1703668321040,199353879
mfqJyKm20Z4,1703669041501,199353977
mfqJyKm20Z4,1703669761429,199354126
mfqJyKm20Z4,1703670480805,199354204
mfqJyKm20Z4,1703671200951,199354363
mfqJyKm20Z4,1703671921632,199354431
mfqJyKm20Z4,1703672641158,199354463
mfqJyKm20Z4,1703673360667,199354615
mfqJyKm20Z4,1703674081212,199354687
mfqJyKm20Z4,1703674801372,199354733
mfqJyKm20Z4,1703675521560,199354840
mfqJyKm20Z4,1703676240843,199354911
mfqJyKm20Z4,1703676961063,199354970
mfqJyKm20Z4,1703677681382,199355107
mfqJyKm20Z4,1703678401445,199355134
mfqJyKm20Z4,1703679120596,199355144
mfqJyKm20Z4,1703679841043,199355202
mfqJyKm20Z4,1703680561233,199355289
mfqJyKm20Z4,1703681281367,199355289
mfqJyKm20Z4,1703682000763,199355326
mfqJyKm20Z4,1703682721021,199355487
mfqJyKm20Z4,1703683441131,199355724
mfqJyKm20Z4,1703684161298,199355840
mfqJyKm20Z4,1703684881497,199355843
mfqJyKm20Z4,1703685600831,199355852
mfqJyKm20Z4,1703686321194,199355969
mfqJyKm20Z4,1703687041379,199356105
mfqJyKm20Z4,1703687761452,199356162
mfqJyKm20Z4,1703688481481,199356210
mfqJyKm20Z4,1703689200894,199356517
mfqJyKm20Z4,1703692081544,199357261
mfqJyKm20Z4,1703692801054,199357440
mfqJyKm20Z4,1703693521382,199357541
mfqJyKm20Z4,1703694241416,199357702
mfqJyKm20Z4,1703694961495,199357864
mfqJyKm20Z4,1703695680735,199358032
mfqJyKm20Z4,1703696400755,199358254
mfqJyKm20Z4,1703697121337,199358386
mfqJyKm20Z4,1703697841550,199358498
mfqJyKm20Z4,1703698560966,199358618
mfqJyKm20Z4,1703699281145,199358663
mfqJyKm20Z4,1703700001055,199358683
mfqJyKm20Z4,1703700721294,199358742
mfqJyKm20Z4,1703701441548,199358825
mfqJyKm20Z4,1703702161692,199358916
mfqJyKm20Z4,1703702881134,199358982
mfqJyKm20Z4,1703703601362,199359043
mfqJyKm20Z4,1703704321530,199359107
mfqJyKm20Z4,1703705041599,199359153
mfqJyKm20Z4,1703705760793,199359174
mfqJyKm20Z4,1703706481049,199359224
mfqJyKm20Z4,1703707201245,199359268
mfqJyKm20Z4,1703707921665,199359298
mfqJyKm20Z4,1703708640839,199359309
mfqJyKm20Z4,1703709361027,199359352
mfqJyKm20Z4,1703710081067,199359368
mfqJyKm20Z4,1703710800941,199359373
mfqJyKm20Z4,1703711521275,199359382
mfqJyKm20Z4,1703712240561,199359407
mfqJyKm20Z4,1703712961623,199359443
mfqJyKm20Z4,1703713680823,199359454
mfqJyKm20Z4,1703714400993,199359472
mfqJyKm20Z4,1703715120759,199359487
mfqJyKm20Z4,1703715840849,199359490
mfqJyKm20Z4,1703716560945,199359510
mfqJyKm20Z4,1703717281230,199359513
mfqJyKm20Z4,1703718001176,199359535
mfqJyKm20Z4,1703718721359,199359540
mfqJyKm20Z4,1703719440753,199359549
mfqJyKm20Z4,1703720160933,199359571
mfqJyKm20Z4,1703720881082,199359574
mfqJyKm20Z4,1703723041085,199359625
mfqJyKm20Z4,1703723761468,199359662
mfqJyKm20Z4,1703724481300,199359673
mfqJyKm20Z4,1703725201306,199359724
mfqJyKm20Z4,1703725921249,199359747
mfqJyKm20Z4,1703726641439,199359781
mfqJyKm20Z4,1703727361633,199359848
mfqJyKm20Z4,1703728080855,199359870
mfqJyKm20Z4,1703728801256,199359945
mfqJyKm20Z4,1703729521402,199359984
mfqJyKm20Z4,1703730241689,199360005
mfqJyKm20Z4,1703730960979,199360042
mfqJyKm20Z4,1703731681146,199360123
mfqJyKm20Z4,1703732401392,199360217
mfqJyKm20Z4,1703733121250,199360303
mfqJyKm20Z4,1703733841245,199360217
mfqJyKm20Z4,1703734561208,199360476
mfqJyKm20Z4,1703735281465,199360517
mfqJyKm20Z4,1703736000991,199360608
mfqJyKm20Z4,1703736721343,199360693
mfqJyKm20Z4,1703737440690,199360731
mfqJyKm20Z4,1703738160997,199360824
mfqJyKm20Z4,1703739601121,199361148
mfqJyKm20Z4,1703741401538,199361375
mfqJyKm20Z4,1703743201142,199361659
mfqJyKm20Z4,1703745000929,199361788
mfqJyKm20Z4,1703746801171,199362042
mfqJyKm20Z4,1703748600802,199362330
mfqJyKm20Z4,1703750401611,199362793
mfqJyKm20Z4,1703752200890,199363013
mfqJyKm20Z4,1703754001466,199363315
mfqJyKm20Z4,1703755801615,199363630
mfqJyKm20Z4,1703757601512,199363897
mfqJyKm20Z4,1703759401510,199364171
mfqJyKm20Z4,1703761200789,199364520
mfqJyKm20Z4,1703763001136,199364778
mfqJyKm20Z4,1703764801487,199365090
mfqJyKm20Z4,1703766600870,199365279
mfqJyKm20Z4,1703768401673,199365695
mfqJyKm20Z4,1703770201444,199365928
mfqJyKm20Z4,1703772001532,199366250
mfqJyKm20Z4,1703773801277,199366638
mfqJyKm20Z4,1703775601060,199367027
mfqJyKm20Z4,1703777401494,199367363
mfqJyKm20Z4,1703779201597,199367713
mfqJyKm20Z4,1703781001394,199368098
mfqJyKm20Z4,1703782801688,199368434
mfqJyKm20Z4,1703784601472,199368713
mfqJyKm20Z4,1703786400947,199368939
mfqJyKm20Z4,1703788201505,199369140
mfqJyKm20Z4,1703790001309,199369306
mfqJyKm20Z4,1703791801192,199369507
mfqJyKm20Z4,1703793601076,199369570
mfqJyKm20Z4,1703795400863,199369649
mfqJyKm20Z4,1703797201031,199369698
mfqJyKm20Z4,1703799000953,199369763
mfqJyKm20Z4,1703800800728,199369793
mfqJyKm20Z4,1703802601550,199369831
mfqJyKm20Z4,1703804401533,199369879
mfqJyKm20Z4,1703806201336,199369914
mfqJyKm20Z4,1703808001373,199369932
mfqJyKm20Z4,1703809801185,199369970
mfqJyKm20Z4,1703811600847,199370015
mfqJyKm20Z4,1703813401631,199370074
mfqJyKm20Z4,1703815201537,199370180
mfqJyKm20Z4,1703817001352,199370359
mfqJyKm20Z4,1703818801359,199370477
mfqJyKm20Z4,1703820600855,199370624
mfqJyKm20Z4,1703822401794,199370923
mfqJyKm20Z4,1703824201083,199371101
mfqJyKm20Z4,1703826000807,199371408
mfqJyKm20Z4,1703827800923,199371711
mfqJyKm20Z4,1703829601222,199372031
mfqJyKm20Z4,1703831401202,199372205
mfqJyKm20Z4,1703833201270,199372494
mfqJyKm20Z4,1703835001129,199372816
mfqJyKm20Z4,1703836800762,199373163
mfqJyKm20Z4,1703838600975,199373388
mfqJyKm20Z4,1703840401439,199373682
mfqJyKm20Z4,1703842201377,199374000
mfqJyKm20Z4,1703844001501,199374312
mfqJyKm20Z4,1703845801127,199374593
mfqJyKm20Z4,1703847600615,199374924
mfqJyKm20Z4,1703849401664,199375203
mfqJyKm20Z4,1703851201172,199375491
mfqJyKm20Z4,1703853001715,199375790
mfqJyKm20Z4,1703854800887,199376062
mfqJyKm20Z4,1703856600913,199376437
mfqJyKm20Z4,1703858401270,199376696
mfqJyKm20Z4,1703860201572,199377066
mfqJyKm20Z4,1703862001304,199377396
mfqJyKm20Z4,1703863801176,199377771
mfqJyKm20Z4,1703865601373,199378128
mfqJyKm20Z4,1703867401604,199378483
mfqJyKm20Z4,1703869201284,199378820
mfqJyKm20Z4,1703871001205,199379068
mfqJyKm20Z4,1703872801719,199379261
mfqJyKm20Z4,1703874601574,199379526
mfqJyKm20Z4,1703876401097,199379687
mfqJyKm20Z4,1703878200969,199379819
mfqJyKm20Z4,1703880000721,199379939
mfqJyKm20Z4,1703881801438,199380032
mfqJyKm20Z4,1703883601241,199380068
mfqJyKm20Z4,1703885401250,199380147
mfqJyKm20Z4,1703887200868,199380206
mfqJyKm20Z4,1703889000865,199380238
mfqJyKm20Z4,1703890801842,199380265
mfqJyKm20Z4,1703892600724,199380322
mfqJyKm20Z4,1703894401538,199380353
mfqJyKm20Z4,1703896201244,199380378
mfqJyKm20Z4,1703898001187,199380431
mfqJyKm20Z4,1703899801133,199380500
mfqJyKm20Z4,1703901601184,199380593
mfqJyKm20Z4,1703903401581,199380681
mfqJyKm20Z4,1703905201503,199380781
mfqJyKm20Z4,1703907001347,199380948
mfqJyKm20Z4,1703908801590,199381091
mfqJyKm20Z4,1703910600879,199381323
mfqJyKm20Z4,1703912401417,199381542
mfqJyKm20Z4,1703914200696,199381916
mfqJyKm20Z4,1703916000980,199382079
mfqJyKm20Z4,1703917801612,199382243
mfqJyKm20Z4,1703919600813,199382520
mfqJyKm20Z4,1703921401064,199382715
mfqJyKm20Z4,1703923201180,199382960
mfqJyKm20Z4,1703925001697,199383164
mfqJyKm20Z4,1703926801604,199383329
mfqJyKm20Z4,1703928601380,199383619
mfqJyKm20Z4,1703930400865,199383835
mfqJyKm20Z4,1703932201415,199384017
mfqJyKm20Z4,1703934001285,199384306
mfqJyKm20Z4,1703935801170,199384530
mfqJyKm20Z4,1703937601681,199384775
mfqJyKm20Z4,1703939400848,199385034
mfqJyKm20Z4,1703941201709,199385294
mfqJyKm20Z4,1703943001687,199385505
mfqJyKm20Z4,1703944801209,199385855
mfqJyKm20Z4,1703946600888,199386033
mfqJyKm20Z4,1703948401141,199386370
mfqJyKm20Z4,1703950200992,199386604
mfqJyKm20Z4,1703952001723,199386867
mfqJyKm20Z4,1703953801551,199387191
mfqJyKm20Z4,1703955601068,199387352
mfqJyKm20Z4,1703957401024,199387633
mfqJyKm20Z4,1703959201324,199387910
mfqJyKm20Z4,1703961001293,199388107
mfqJyKm20Z4,1703962801790,199388290
mfqJyKm20Z4,1703964601722,199388406
mfqJyKm20Z4,1703966401344,199388494
mfqJyKm20Z4,1703968200938,199388570
mfqJyKm20Z4,1703970000826,199388659
mfqJyKm20Z4,1703971801756,199388715
mfqJyKm20Z4,1703973601253,199388751
mfqJyKm20Z4,1703975401489,199388782
mfqJyKm20Z4,1703977201593,199388826
mfqJyKm20Z4,1703979002115,199388862
mfqJyKm20Z4,1703980801350,199388895
mfqJyKm20Z4,1703982601238,199388944
mfqJyKm20Z4,1703984401486,199388983
mfqJyKm20Z4,1703986201196,199389035
mfqJyKm20Z4,1703988001533,199389113
mfqJyKm20Z4,1703989801839,199389207
mfqJyKm20Z4,1703991601624,199389375
mfqJyKm20Z4,1703993400924,199389510
mfqJyKm20Z4,1703995201135,199389629
mfqJyKm20Z4,1703997001472,199389817
mfqJyKm20Z4,1703998801333,199390012
mfqJyKm20Z4,1704000601178,199390255
mfqJyKm20Z4,1704002401641,199390474
mfqJyKm20Z4,1704004201116,199390706
mfqJyKm20Z4,1704006001561,199390935
mfqJyKm20Z4,1704007801902,199391159
mfqJyKm20Z4,1704009601275,199391416
mfqJyKm20Z4,1704011401658,199391683
mfqJyKm20Z4,1704013201373,199391760
mfqJyKm20Z4,1704015001062,199391939
mfqJyKm20Z4,1704016801908,199392386
mfqJyKm20Z4,1704018601629,199392515
mfqJyKm20Z4,1704020401325,199392738
mfqJyKm20Z4,1704022201671,199393151
mfqJyKm20Z4,1704024002729,199393363
mfqJyKm20Z4,1704025801512,199393654
mfqJyKm20Z4,1704027601970,199393838
mfqJyKm20Z4,1704029401487,199394115
mfqJyKm20Z4,1704031201221,199394343
mfqJyKm20Z4,1704033001092,199394588
mfqJyKm20Z4,1704034801308,199395138
mfqJyKm20Z4,1704036602136,199395478
mfqJyKm20Z4,1704038401371,199395895
mfqJyKm20Z4,1704040201660,199396300
mfqJyKm20Z4,1704042001349,199396736
mfqJyKm20Z4,1704043801479,199396993
mfqJyKm20Z4,1704045601458,199397550
mfqJyKm20Z4,1704047400846,199397926
mfqJyKm20Z4,1704049201042,199398248
mfqJyKm20Z4,1704051000765,199398512
mfqJyKm20Z4,1704052801307,199398736
mfqJyKm20Z4,1704054601503,199398917
mfqJyKm20Z4,1704056401610,199399023
mfqJyKm20Z4,1704058201289,199399129
mfqJyKm20Z4,1704060001563,199399225
mfqJyKm20Z4,1704061801376,199399280
mfqJyKm20Z4,1704063601485,199399343
mfqJyKm20Z4,1704065401313,199399401
mfqJyKm20Z4,1704067201302,199399424
mfqJyKm20Z4,1704069001106,199399455
mfqJyKm20Z4,1704070800904,199399471
mfqJyKm20Z4,1704072600986,199399569
mfqJyKm20Z4,1704074401430,199399647
mfqJyKm20Z4,1704076201714,199399699
mfqJyKm20Z4,1704078001449,199399809
mfqJyKm20Z4,1704079801513,199399900
mfqJyKm20Z4,1704081601326,199400095
mfqJyKm20Z4,1704083401430,199400207
mfqJyKm20Z4,1704085201398,199400449
mfqJyKm20Z4,1704087001359,199400612
mfqJyKm20Z4,1704088801168,199400799
mfqJyKm20Z4,1704090601789,199400972
mfqJyKm20Z4,1704092401592,199401191
mfqJyKm20Z4,1704094201417,199401455
mfqJyKm20Z4,1704096001297,199401692
mfqJyKm20Z4,1704097801788,199401942
mfqJyKm20Z4,1704099601652,199402169
mfqJyKm20Z4,1704101401214,199402380
mfqJyKm20Z4,1704103200804,199402733
mfqJyKm20Z4,1704105001284,199402802
mfqJyKm20Z4,1704106801148,199403112
mfqJyKm20Z4,1704108601602,199403365
mfqJyKm20Z4,1704110401251,199403609
mfqJyKm20Z4,1704112201258,199403884
mfqJyKm20Z4,1704114001769,199404189
mfqJyKm20Z4,1704115802034,199404438
mfqJyKm20Z4,1704117602175,199404703
mfqJyKm20Z4,1704119400828,199404961
mfqJyKm20Z4,1704121201694,199405271
mfqJyKm20Z4,1704123001456,199405602
mfqJyKm20Z4,1704124802204,199405850
mfqJyKm20Z4,1704128401249,199406358
mfqJyKm20Z4,1704130201012,199406585
mfqJyKm20Z4,1704132001513,199406765
mfqJyKm20Z4,1704133801656,199406951
mfqJyKm20Z4,1704135601704,199407059
mfqJyKm20Z4,1704137401361,199407194
mfqJyKm20Z4,1704139201204,199407307
mfqJyKm20Z4,1704141001548,199407356
mfqJyKm20Z4,1704142801733,199407412
mfqJyKm20Z4,1704144601602,199407466
mfqJyKm20Z4,1704146401381,199407484
mfqJyKm20Z4,1704148201457,199407525
mfqJyKm20Z4,1704150001477,199407535
mfqJyKm20Z4,1704151801748,199407589
mfqJyKm20Z4,1704153601009,199407592
mfqJyKm20Z4,1704155401617,199407624
mfqJyKm20Z4,1704157201366,199407675
mfqJyKm20Z4,1704159001243,199407755
mfqJyKm20Z4,1704160800757,199407831
mfqJyKm20Z4,1704162601686,199407899
mfqJyKm20Z4,1704164401586,199408004
mfqJyKm20Z4,1704166201641,199408186
mfqJyKm20Z4,1704168001514,199408314
mfqJyKm20Z4,1704169800997,199408517
mfqJyKm20Z4,1704171600885,199408633
mfqJyKm20Z4,1704173401558,199408884
mfqJyKm20Z4,1704175201505,199409042
mfqJyKm20Z4,1704177000821,199409214
mfqJyKm20Z4,1704178800977,199409438
mfqJyKm20Z4,1704180600683,199409644
mfqJyKm20Z4,1704182401248,199409927
mfqJyKm20Z4,1704184200956,199410129
mfqJyKm20Z4,1704186001522,199410389
mfqJyKm20Z4,1704187801367,199410602
mfqJyKm20Z4,1704189601181,199410866
mfqJyKm20Z4,1704191400714,199411026
mfqJyKm20Z4,1704193201035,199411328
mfqJyKm20Z4,1704195000736,199411574
mfqJyKm20Z4,1704196800826,199411852
mfqJyKm20Z4,1704198600901,199412088
mfqJyKm20Z4,1704200400852,199412283
mfqJyKm20Z4,1704202201642,199412547
mfqJyKm20Z4,1704204001545,199412747
mfqJyKm20Z4,1704205801720,199413030
mfqJyKm20Z4,1704207601610,199413278
mfqJyKm20Z4,1704209401752,199413560
mfqJyKm20Z4,1704211201186,199413862
mfqJyKm20Z4,1704213000998,199414111
mfqJyKm20Z4,1704214801400,199414282
mfqJyKm20Z4,1704216601072,199414553
mfqJyKm20Z4,1704218401493,199414719
mfqJyKm20Z4,1704220201333,199414873
mfqJyKm20Z4,1704222000736,199414948
mfqJyKm20Z4,1704223801314,199415047
mfqJyKm20Z4,1704225601238,199415123
mfqJyKm20Z4,1704227400950,199415187
mfqJyKm20Z4,1704229200871,199415218
mfqJyKm20Z4,1704231000968,199415247
mfqJyKm20Z4,1704232800966,199415293
mfqJyKm20Z4,1704234601066,199415317
mfqJyKm20Z4,1704236401010,199415337
mfqJyKm20Z4,1704238200859,199415372
mfqJyKm20Z4,1704240001639,199415406
mfqJyKm20Z4,1704241801456,199415436
mfqJyKm20Z4,1704243601432,199415496
mfqJyKm20Z4,1704245401238,199415595
mfqJyKm20Z4,1704247201115,199415693
mfqJyKm20Z4,1704249001154,199415804
mfqJyKm20Z4,1704250801318,199415857
mfqJyKm20Z4,1704252601406,199416009
mfqJyKm20Z4,1704254401602,199416187
mfqJyKm20Z4,1704256201462,199416275
mfqJyKm20Z4,1704258001287,199416500
mfqJyKm20Z4,1704259801131,199416686
mfqJyKm20Z4,1704261600922,199416849
mfqJyKm20Z4,1704263401731,199416983
mfqJyKm20Z4,1704265201617,199417156
mfqJyKm20Z4,1704267001652,199417373
mfqJyKm20Z4,1704268801151,199417564
mfqJyKm20Z4,1704270601536,199417668
mfqJyKm20Z4,1704272401203,199417907
mfqJyKm20Z4,1704288740344,199420009
mfqJyKm20Z4,1704290401396,199420241
mfqJyKm20Z4,1704292201635,199420498
mfqJyKm20Z4,1704294001480,199420767
mfqJyKm20Z4,1704295801665,199421029
mfqJyKm20Z4,1704297600793,199421223
mfqJyKm20Z4,1704299401888,199421469
mfqJyKm20Z4,1704301201147,199421642
mfqJyKm20Z4,1704303001568,199421894
mfqJyKm20Z4,1704304801719,199422039
mfqJyKm20Z4,1704306601886,199422215
mfqJyKm20Z4,1704310463503,199422417
mfqJyKm20Z4,1704325093313,199422702
mfqJyKm20Z4,1704330000984,199422793
mfqJyKm20Z4,1704331801351,199422871
mfqJyKm20Z4,1704333601442,199422988
mfqJyKm20Z4,1704335401684,199423099
mfqJyKm20Z4,1704337201351,199423195
mfqJyKm20Z4,1704339001654,199423338
mfqJyKm20Z4,1704340800935,199423509
mfqJyKm20Z4,1704342601259,199423673
mfqJyKm20Z4,1704344401567,199423904
mfqJyKm20Z4,1704346201494,199424056
mfqJyKm20Z4,1704348001846,199424232
mfqJyKm20Z4,1704349801297,199424420
mfqJyKm20Z4,1704351601406,199424581
mfqJyKm20Z4,1704353401486,199424794
mfqJyKm20Z4,1704355201225,199424944
mfqJyKm20Z4,1704357000695,199425138
mfqJyKm20Z4,1704396601363,199430350
mfqJyKm20Z4,1704398401013,199430435
mfqJyKm20Z4,1704400201038,199430488
mfqJyKm20Z4,1704403801138,199430541
mfqJyKm20Z4,1704407401202,199430644
mfqJyKm20Z4,1704411000799,199430703
mfqJyKm20Z4,1704414601559,199430762
mfqJyKm20Z4,1704418201646,199430908
mfqJyKm20Z4,1704421801637,199431133
mfqJyKm20Z4,1704425401565,199431380
mfqJyKm20Z4,1704429001126,199431685
mfqJyKm20Z4,1704432601167,199431999
mfqJyKm20Z4,1704436201115,199432354
mfqJyKm20Z4,1704439801123,199432704
mfqJyKm20Z4,1704443401318,199433084
mfqJyKm20Z4,1704447001402,199433577
mfqJyKm20Z4,1704450601524,199434083
mfqJyKm20Z4,1704454201610,199434499
mfqJyKm20Z4,1704457801764,199435008
mfqJyKm20Z4,1704461404064,199435577
mfqJyKm20Z4,1704465000906,199436179
mfqJyKm20Z4,1704468600759,199436870
mfqJyKm20Z4,1704472201304,199437447
mfqJyKm20Z4,1704475801152,199437896
mfqJyKm20Z4,1704479401545,199438263
mfqJyKm20Z4,1704483001795,199438523
mfqJyKm20Z4,1704486601106,199438530
mfqJyKm20Z4,1704490201194,199438788
mfqJyKm20Z4,1704493801225,199438877
mfqJyKm20Z4,1704497401272,199438956
mfqJyKm20Z4,1704501001480,199439040
mfqJyKm20Z4,1704526201406,199441524
mfqJyKm20Z4,1704529801559,199442118
mfqJyKm20Z4,1704533401178,199442705
mfqJyKm20Z4,1704537001744,199443210
mfqJyKm20Z4,1704540601820,199443668
mfqJyKm20Z4,1704544201159,199444247
mfqJyKm20Z4,1704547801381,199444779
mfqJyKm20Z4,1704551401296,199445281
mfqJyKm20Z4,1704555001053,199446020
mfqJyKm20Z4,1704558601342,199446638
mfqJyKm20Z4,1704562201922,199447327
mfqJyKm20Z4,1704565801554,199447822
mfqJyKm20Z4,1704569400789,199448156
mfqJyKm20Z4,1704573000873,199448350
mfqJyKm20Z4,1704576600792,199448555
mfqJyKm20Z4,1704580201532,199448654
mfqJyKm20Z4,1704583801138,199448721
mfqJyKm20Z4,1704587401780,199448821
mfqJyKm20Z4,1704591001821,199448922
mfqJyKm20Z4,1704594601013,199449137
mfqJyKm20Z4,1704598201120,199449410
mfqJyKm20Z4,1704601801515,199449830
mfqJyKm20Z4,1704605401918,199450281
mfqJyKm20Z4,1704609001441,199450637
mfqJyKm20Z4,1704612601673,199451153
mfqJyKm20Z4,1704616201500,199451717
mfqJyKm20Z4,1704619801267,199452183
mfqJyKm20Z4,1704623401211,199452715
mfqJyKm20Z4,1704627000970,199453235
mfqJyKm20Z4,1704630600825,199453829
mfqJyKm20Z4,1704634201444,199454361
mfqJyKm20Z4,1704637801413,199454914
mfqJyKm20Z4,1704641401638,199455532
mfqJyKm20Z4,1704645001105,199456069
mfqJyKm20Z4,1704648602175,199456513
mfqJyKm20Z4,1704652201159,199456877
mfqJyKm20Z4,1704655801773,199457039
mfqJyKm20Z4,1704659401458,199457189
mfqJyKm20Z4,1704663001762,199457275
mfqJyKm20Z4,1704666601415,199457340
mfqJyKm20Z4,1704670201024,199457398
mfqJyKm20Z4,1704673800941,199457474
mfqJyKm20Z4,1704677401351,199457634
mfqJyKm20Z4,1704681001327,199457858
mfqJyKm20Z4,1704684601133,199458101
mfqJyKm20Z4,1704688201467,199458367
mfqJyKm20Z4,1704691801153,199458714
mfqJyKm20Z4,1704695401455,199459024
mfqJyKm20Z4,1704699001321,199459388
mfqJyKm20Z4,1704702601602,199459772
mfqJyKm20Z4,1704706201559,199460250
mfqJyKm20Z4,1704709801229,199460756
mfqJyKm20Z4,1704713401148,199461135
mfqJyKm20Z4,1704717001485,199461743
mfqJyKm20Z4,1704720601476,199462211
mfqJyKm20Z4,1704724201132,199462923
mfqJyKm20Z4,1704727800883,199463475
mfqJyKm20Z4,1704731400993,199464182
mfqJyKm20Z4,1704735001309,199464673
mfqJyKm20Z4,1704738601064,199464957
mfqJyKm20Z4,1704760200871,199465595
mfqJyKm20Z4,1704763801499,199465738
mfqJyKm20Z4,1704767401282,199465990
mfqJyKm20Z4,1704771000821,199466228
mfqJyKm20Z4,1704774601494,199466556
mfqJyKm20Z4,1704782885654,199467239
mfqJyKm20Z4,1704787201379,199467581
mfqJyKm20Z4,1704798001510,199469044
mfqJyKm20Z4,1704808801228,199470609
mfqJyKm20Z4,1704819601582,199472403
mfqJyKm20Z4,1704830401671,199473223
mfqJyKm20Z4,1704841201698,199473413
mfqJyKm20Z4,1704852001542,199473832
mfqJyKm20Z4,1704862800986,199474742
mfqJyKm20Z4,1704873601572,199475787
mfqJyKm20Z4,1704884401488,199477012
mfqJyKm20Z4,1704895201792,199478707
mfqJyKm20Z4,1704906001359,199480461
mfqJyKm20Z4,1704916801297,199481338
mfqJyKm20Z4,1704929041367,199481597
mfqJyKm20Z4,1704938401069,199481980
mfqJyKm20Z4,1704949201069,199482935
mfqJyKm20Z4,1704960001136,199484034
mfqJyKm20Z4,1704970801407,199485208
mfqJyKm20Z4,1704981602280,199486841
mfqJyKm20Z4,1704992402031,199488486
mfqJyKm20Z4,1705035601366,199490931
mfqJyKm20Z4,1705046401426,199492040
mfqJyKm20Z4,1705057201785,199493342
mfqJyKm20Z4,1705068000974,199494868
mfqJyKm20Z4,1705078801664,199496725
mfqJyKm20Z4,1705089601184,199497741
mfqJyKm20Z4,1705100401603,199498069
mfqJyKm20Z4,1705111201271,199498330
mfqJyKm20Z4,1705122001382,199499189
mfqJyKm20Z4,1705132800614,199500297
mfqJyKm20Z4,1705143601439,199501799
mfqJyKm20Z4,1705154401331,199503112
mfqJyKm20Z4,1705165201551,199504976
mfqJyKm20Z4,1705176001404,199506167
mfqJyKm20Z4,1705186800935,199506558
mfqJyKm20Z4,1705197601438,199506839
mfqJyKm20Z4,1705208401505,199507546
mfqJyKm20Z4,1705219201581,199508760
mfqJyKm20Z4,1705230001003,199510107
mfqJyKm20Z4,1705233341122,199510622
mfqJyKm20Z4,1705240801576,199511580
mfqJyKm20Z4,1705251601311,199512966
mfqJyKm20Z4,1705262401161,199514308
mfqJyKm20Z4,1705265040902,199514390
mfqJyKm20Z4,1705273200853,199514633
mfqJyKm20Z4,1705284001525,199514997
mfqJyKm20Z4,1705294801437,199516145
mfqJyKm20Z4,1705305601101,199517160
mfqJyKm20Z4,1705316400777,199518313
mfqJyKm20Z4,1705327201204,199519752
mfqJyKm20Z4,1705338000732,199521524
mfqJyKm20Z4,1705348800909,199522503
mfqJyKm20Z4,1705359601104,199522783
mfqJyKm20Z4,1705370401059,199523152
mfqJyKm20Z4,1705381201092,199523946
mfqJyKm20Z4,1705392000942,199525165
mfqJyKm20Z4,1705402800821,199526449
mfqJyKm20Z4,1705413600703,199527905
mfqJyKm20Z4,1705424401138,199529356
mfqJyKm20Z4,1705435201190,199530111
mfqJyKm20Z4,1705446001109,199530391
mfqJyKm20Z4,1705456800949,199530808
mfqJyKm20Z4,1705467601181,199531645
mfqJyKm20Z4,1705478401243,199532604
mfqJyKm20Z4,1705489202055,199533747
mfqJyKm20Z4,1705500001662,199535015
mfqJyKm20Z4,1705510801360,199536385
mfqJyKm20Z4,1705521601042,199537239
mfqJyKm20Z4,1705532401040,199537455
mfqJyKm20Z4,1705543201179,199537735
mfqJyKm20Z4,1705554001552,199538625
mfqJyKm20Z4,1705564800911,199539520
mfqJyKm20Z4,1705575601615,199540518
mfqJyKm20Z4,1705586401048,199541897
mfqJyKm20Z4,1705597201638,199543581
mfqJyKm20Z4,1705608001445,199544402
mfqJyKm20Z4,1705618801670,199544687
mfqJyKm20Z4,1705626030478,199544823
mfqJyKm20Z4,1705629600979,199544995
mfqJyKm20Z4,1705640401589,199545919
mfqJyKm20Z4,1705651201578,199546812
mfqJyKm20Z4,1705662001295,199547819
mfqJyKm20Z4,1705672801360,199549166
mfqJyKm20Z4,1705683601078,199550762
mfqJyKm20Z4,1705726801191,199553413
mfqJyKm20Z4,1705734082153,199554323
mfqJyKm20Z4,1705737601577,199554763
mfqJyKm20Z4,1705748401148,199556078
mfqJyKm20Z4,1705759201510,199557369
mfqJyKm20Z4,1705770001133,199559035
mfqJyKm20Z4,1705780801157,199560031
mfqJyKm20Z4,1705791601023,199560354
mfqJyKm20Z4,1705802401855,199560602
mfqJyKm20Z4,1705813201555,199561345
mfqJyKm20Z4,1705824001339,199562442
mfqJyKm20Z4,1705834801767,199563700
mfqJyKm20Z4,1705845601557,199565030
mfqJyKm20Z4,1705856401615,199566284
mfqJyKm20Z4,1705867201476,199567215
mfqJyKm20Z4,1705878001514,199567437
mfqJyKm20Z4,1705888801735,199567775
mfqJyKm20Z4,1705899601697,199568524
mfqJyKm20Z4,1705910400981,199569285
mfqJyKm20Z4,1705921201143,199570202
mfqJyKm20Z4,1705932001621,199571549
mfqJyKm20Z4,1705942801052,199573000
mfqJyKm20Z4,1705953601637,199573782
mfqJyKm20Z4,1705964400999,199573992
mfqJyKm20Z4,1705975201526,199574300
mfqJyKm20Z4,1705986001375,199575008
mfqJyKm20Z4,1705996802421,199575807
mfqJyKm20Z4,1706007602728,199576809
mfqJyKm20Z4,1706018401046,199578088
mfqJyKm20Z4,1706029202989,199579663
mfqJyKm20Z4,1706040002779,199580298
mfqJyKm20Z4,1706050802897,199580566
mfqJyKm20Z4,1706061602715,199580971
mfqJyKm20Z4,1706072402408,199581691
mfqJyKm20Z4,1706083201515,199582631
mfqJyKm20Z4,1706094001413,199583562
mfqJyKm20Z4,1706104800851,199584816
mfqJyKm20Z4,1706126401011,199586814
mfqJyKm20Z4,1706137201653,199587013
mfqJyKm20Z4,1706148001681,199587199
mfqJyKm20Z4,1706158801160,199588141
mfqJyKm20Z4,1706169601096,199588982
mfqJyKm20Z4,1706180401238,199589979
mfqJyKm20Z4,1706191200906,199591263
mfqJyKm20Z4,1706202001054,199592893
mfqJyKm20Z4,1706212801209,199593642
mfqJyKm20Z4,1706223601445,199593870
mfqJyKm20Z4,1706234401218,199594235
mfqJyKm20Z4,1706245201711,199595077
mfqJyKm20Z4,1706256001346,199596053
mfqJyKm20Z4,1706266801551,199597111
mfqJyKm20Z4,1706277601018,199598483
mfqJyKm20Z4,1706288401562,199600214
mfqJyKm20Z4,1706299201043,199601056
mfqJyKm20Z4,1706310000963,199601377
mfqJyKm20Z4,1706320801741,199601649
mfqJyKm20Z4,1706331601213,199602450
mfqJyKm20Z4,1706342400964,199603721
mfqJyKm20Z4,1706353201713,199605163
mfqJyKm20Z4,1706364001379,199606681
mfqJyKm20Z4,1706374801402,199608448
mfqJyKm20Z4,1706385601798,199609627
mfqJyKm20Z4,1706396401320,199609977
mfqJyKm20Z4,1706407201415,199610267
mfqJyKm20Z4,1706418001158,199611036
mfqJyKm20Z4,1706428801691,199612148
mfqJyKm20Z4,1706431184574,199612475
mfqJyKm20Z4,1706439601110,199613439
mfqJyKm20Z4,1706450401232,199614810
mfqJyKm20Z4,1706461200832,199616308
mfqJyKm20Z4,1706472001425,199617128
mfqJyKm20Z4,1706482801405,199617371
mfqJyKm20Z4,1706493601109,199617692
mfqJyKm20Z4,1706504401965,199618353
mfqJyKm20Z4,1706515200993,199619028
mfqJyKm20Z4,1706526001534,199619890
mfqJyKm20Z4,1706536801504,199621116
mfqJyKm20Z4,1706547601955,199622476
mfqJyKm20Z4,1706558401300,199623151
mfqJyKm20Z4,1706569201445,199623379
mfqJyKm20Z4,1706580001830,199623750
mfqJyKm20Z4,1706590801034,199624358
mfqJyKm20Z4,1706601601705,199625097
mfqJyKm20Z4,1706612401191,199626010
mfqJyKm20Z4,1706623201427,199627237
mfqJyKm20Z4,1706634001364,199628596
mfqJyKm20Z4,1706644800894,199629318
mfqJyKm20Z4,1706655601320,199629504
mfqJyKm20Z4,1706666401372,199629886
mfqJyKm20Z4,1706677201222,199630505
mfqJyKm20Z4,1706688002817,199631251
mfqJyKm20Z4,1706698801386,199632105
mfqJyKm20Z4,1706709602941,199633323
mfqJyKm20Z4,1706720402394,199634588
mfqJyKm20Z4,1706731201743,199635245
mfqJyKm20Z4,1706742001052,199635427
mfqJyKm20Z4,1706752801048,199635801
mfqJyKm20Z4,1706763602636,199636516
mfqJyKm20Z4,1706774402557,199637288
mfqJyKm20Z4,1706785201706,199638205
mfqJyKm20Z4,1706796001558,199639504
mfqJyKm20Z4,1706806801116,199640788
mfqJyKm20Z4,1706817601156,199641501
mfqJyKm20Z4,1706828401654,199641734
mfqJyKm20Z4,1706839200792,199642099
mfqJyKm20Z4,1706850001215,199642780
mfqJyKm20Z4,1706860801501,199643570
mfqJyKm20Z4,1706871600988,199644537
mfqJyKm20Z4,1706882401115,199645774
mfqJyKm20Z4,1706893201573,199647098
mfqJyKm20Z4,1706904000739,199647995
mfqJyKm20Z4,1706914800880,199648298
mfqJyKm20Z4,1706925601085,199648597
mfqJyKm20Z4,1706936400950,199649332
mfqJyKm20Z4,1706947201310,199650460
mfqJyKm20Z4,1706958001186,199651548
mfqJyKm20Z4,1706968800912,199652848
mfqJyKm20Z4,1706979601328,199654229
mfqJyKm20Z4,1706990401435,199655159
mfqJyKm20Z4,1706993736968,199655321
mfqJyKm20Z4,1707001201453,199655456
mfqJyKm20Z4,1707012001136,199655703
mfqJyKm20Z4,1707022800977,199656366
mfqJyKm20Z4,1707033601170,199657427
mfqJyKm20Z4,1707044400952,199658505
mfqJyKm20Z4,1707055201517,199659715
mfqJyKm20Z4,1707066001073,199661009
mfqJyKm20Z4,1707076800939,199661590
mfqJyKm20Z4,1707087600740,199661798
mfqJyKm20Z4,1707098401401,199662070
mfqJyKm20Z4,1707109201093,199662759
mfqJyKm20Z4,1707120001019,199663524
mfqJyKm20Z4,1707130800691,199664463
mfqJyKm20Z4,1707141601326,199665527
mfqJyKm20Z4,1707152400452,199666779
mfqJyKm20Z4,1707163201575,199667493
mfqJyKm20Z4,1707174000735,199667741
mfqJyKm20Z4,1707184802262,199668067
mfqJyKm20Z4,1707195601536,199668761
mfqJyKm20Z4,1707206400792,199669538
mfqJyKm20Z4,1707217200459,199670439
mfqJyKm20Z4,1707228001342,199671687
mfqJyKm20Z4,1707238800924,199673013
mfqJyKm20Z4,1707249600958,199673789
mfqJyKm20Z4,1707260401169,199674063
mfqJyKm20Z4,1707271200666,199674356
mfqJyKm20Z4,1707282000613,199675080
mfqJyKm20Z4,1707292801098,199675821
mfqJyKm20Z4,1707303601118,199676766
mfqJyKm20Z4,1707314401171,199677843
mfqJyKm20Z4,1707325201313,199679121
mfqJyKm20Z4,1707336000905,199679803
mfqJyKm20Z4,1707346800931,199680027
mfqJyKm20Z4,1707357601361,199680388
mfqJyKm20Z4,1707368400644,199681103
mfqJyKm20Z4,1707379201223,199681865
mfqJyKm20Z4,1707390001275,199682818
mfqJyKm20Z4,1707400800884,199683959
mfqJyKm20Z4,1707411601141,199685139
mfqJyKm20Z4,1707422400890,199685896
mfqJyKm20Z4,1707433201263,199686143
mfqJyKm20Z4,1707444002399,199686463
mfqJyKm20Z4,1707459786418,199687494
mfqJyKm20Z4,1707465600553,199687950
mfqJyKm20Z4,1707476400681,199688930
mfqJyKm20Z4,1707487201428,199690249
mfqJyKm20Z4,1707498001172,199691418
mfqJyKm20Z4,1707508801302,199692287
mfqJyKm20Z4,1707519600758,199692554
mfqJyKm20Z4,1707530400661,199692806
mfqJyKm20Z4,1707541200742,199693531
mfqJyKm20Z4,1707552000834,199694539
mfqJyKm20Z4,1707562801103,199695563
mfqJyKm20Z4,1707573601207,199696601
mfqJyKm20Z4,1707584401247,199697979
mfqJyKm20Z4,1707595201192,199698730
mfqJyKm20Z4,1707606000920,199698950
mfqJyKm20Z4,1707616800975,199699175
mfqJyKm20Z4,1707627600998,199699728
mfqJyKm20Z4,1707638402391,199700625
mfqJyKm20Z4,1707649200532,199701552
mfqJyKm20Z4,1707670801012,199703800
mfqJyKm20Z4,1707681601425,199704501
mfqJyKm20Z4,1707692400634,199704695
mfqJyKm20Z4,1707703200703,199704975
mfqJyKm20Z4,1707714001170,199705543
mfqJyKm20Z4,1707724800786,199706243
mfqJyKm20Z4,1707735601426,199707069
mfqJyKm20Z4,1707746400784,199708092
mfqJyKm20Z4,1707757200941,199709172
mfqJyKm20Z4,1707768001295,199709725
mfqJyKm20Z4,1707778800638,199709943
mfqJyKm20Z4,1707789600465,199710210
mfqJyKm20Z4,1707800402066,199710801
mfqJyKm20Z4,1707811201127,199711420
mfqJyKm20Z4,1707822000955,199712239
mfqJyKm20Z4,1707832801141,199713293
mfqJyKm20Z4,1707843600428,199714404
mfqJyKm20Z4,1707854400828,199715058
mfqJyKm20Z4,1707865200776,199715250
mfqJyKm20Z4,1707876000608,199715547
mfqJyKm20Z4,1707886801381,199716293
mfqJyKm20Z4,1707897601566,199716951
mfqJyKm20Z4,1707908400704,199717663
mfqJyKm20Z4,1707919201281,199718681
mfqJyKm20Z4,1707930000983,199719709
mfqJyKm20Z4,1707940801380,199720256
mfqJyKm20Z4,1707951601484,199720418
mfqJyKm20Z4,1707962400845,199720808
mfqJyKm20Z4,1707973200787,199721430
mfqJyKm20Z4,1707984000548,199722061
mfqJyKm20Z4,1707994801349,199722806
mfqJyKm20Z4,1708005600427,199723693
mfqJyKm20Z4,1708016400674,199724950
mfqJyKm20Z4,1708027201099,199725577
mfqJyKm20Z4,1708038001477,199725770
mfqJyKm20Z4,1708048800551,199726091
mfqJyKm20Z4,1708059601402,199726735
mfqJyKm20Z4,1708070401128,199727458
mfqJyKm20Z4,1708081201656,199728266
mfqJyKm20Z4,1708092001015,199729235
mfqJyKm20Z4,1708102801429,199730563
mfqJyKm20Z4,1708113601298,199731253
mfqJyKm20Z4,1708124401419,199731474
mfqJyKm20Z4,1708135201275,199731695
mfqJyKm20Z4,1708146001459,199732340
mfqJyKm20Z4,1708156800943,199733281
mfqJyKm20Z4,1708167601259,199734318
mfqJyKm20Z4,1708178401154,199735343
mfqJyKm20Z4,1708189201184,199736484
mfqJyKm20Z4,1708200001161,199737209
mfqJyKm20Z4,1708210801453,199737437
mfqJyKm20Z4,1708221601678,199737653
mfqJyKm20Z4,1708232401013,199738237
mfqJyKm20Z4,1708243200736,199739148
mfqJyKm20Z4,1708254000877,199739981
mfqJyKm20Z4,1708264801393,199741177
mfqJyKm20Z4,1708275601622,199742284
mfqJyKm20Z4,1708286400844,199742848
mfqJyKm20Z4,1708297201407,199743052
mfqJyKm20Z4,1708308001385,199743351
mfqJyKm20Z4,1708318801483,199743936
mfqJyKm20Z4,1708329600754,199744574
mfqJyKm20Z4,1708340401270,199745269
mfqJyKm20Z4,1708351201141,199746213
mfqJyKm20Z4,1708362001597,199747227
mfqJyKm20Z4,1708372801030,199747709
mfqJyKm20Z4,1708383601192,199748042
mfqJyKm20Z4,1708394401328,199748374
mfqJyKm20Z4,1708405203038,199749062
mfqJyKm20Z4,1708416000683,199749771
mfqJyKm20Z4,1708426803068,199750614
mfqJyKm20Z4,1708437601344,199751620
mfqJyKm20Z4,1708448401189,199752753
mfqJyKm20Z4,1708459200904,199753316
mfqJyKm20Z4,1708470001488,199753526
mfqJyKm20Z4,1708480801549,199753801
mfqJyKm20Z4,1708491601316,199754373
mfqJyKm20Z4,1708502401397,199755023
mfqJyKm20Z4,1708513201619,199755848
mfqJyKm20Z4,1708524001094,199756983
mfqJyKm20Z4,1708534801301,199758255
mfqJyKm20Z4,1708545601304,199758874
mfqJyKm20Z4,1708556401693,199759067
mfqJyKm20Z4,1708567200569,199759340
mfqJyKm20Z4,1708578001240,199759988
mfqJyKm20Z4,1708588800856,199760632
mfqJyKm20Z4,1708599601017,199761454
mfqJyKm20Z4,1708610401511,199762590
mfqJyKm20Z4,1708621200917,199763933
mfqJyKm20Z4,1708632001045,199764690
mfqJyKm20Z4,1708642801570,199764873
mfqJyKm20Z4,1708653602716,199765190
mfqJyKm20Z4,1708664401283,199765802
mfqJyKm20Z4,1708675201598,199766546
mfqJyKm20Z4,1708686000798,199767441
mfqJyKm20Z4,1708696801146,199768587
mfqJyKm20Z4,1708707601477,199769582
mfqJyKm20Z4,1708718400901,199770353
mfqJyKm20Z4,1708729201258,199770882
mfqJyKm20Z4,1708740001453,199771113
mfqJyKm20Z4,1708750801731,199771854
mfqJyKm20Z4,1708761601311,199772845
mfqJyKm20Z4,1708772400839,199773936
mfqJyKm20Z4,1708783201296,199775221
mfqJyKm20Z4,1708794001359,199776578
mfqJyKm20Z4,1708804801020,199777347
mfqJyKm20Z4,1708815601356,199777671
mfqJyKm20Z4,1708826401750,199777893
mfqJyKm20Z4,1708837200891,199778686
mfqJyKm20Z4,1708848000991,199779785
mfqJyKm20Z4,1708858801112,199780961